City_ID,City,Lat,Lng,Max Temp,Humidity,Cloudiness,Wind Speed,Country,Date
0,hirara,24.8,125.2833,80.87,65,40,8.05,JP,1702617922
1,bethel,41.3712,-73.414,36.64,69,0,5.75,US,1702617922
2,utrik,11.2278,169.8474,80.83,79,72,19.6,MH,1702617922
3,puerto ayora,-0.7393,-90.3518,75.09,91,79,7.02,EC,1702617922
4,grytviken,-54.2811,-36.5092,37.72,68,2,3.87,GS,1702617923
5,landskrona,55.8708,12.8302,39.15,98,68,6.67,SE,1702617923
6,klyuchi,52.2667,79.1667,-2.65,70,27,1.83,RU,1702617923
7,scottburgh,-30.2867,30.7532,69.13,71,100,11.7,ZA,1702617923
8,ushuaia,-54.8,-68.3,44.26,81,20,6.91,AR,1702617923
9,udachny,66.4167,112.4,-22.56,74,99,4.97,RU,1702617923
10,puerto natales,-51.7236,-72.4875,39.25,92,90,3.44,CL,1702617923
11,petropavlovsk-kamchatsky,53.0452,158.6483,23.59,73,75,27.0,RU,1702617888
12,port elizabeth,-33.918,25.5701,65.32,89,40,8.05,ZA,1702617887
13,floro,61.5996,5.0328,46.36,81,75,17.27,NO,1702617924
14,margaret river,-33.95,115.0667,74.44,41,3,14.63,AU,1702617814
15,brookings,44.3114,-96.7984,42.06,81,100,4.0,US,1702617924
16,port lincoln,-34.7333,135.8667,67.12,54,6,14.97,AU,1702617924
17,red bank,40.3471,-74.0643,39.04,62,0,8.05,US,1702617924
18,adamstown,-25.066,-130.1015,73.62,84,28,13.27,PN,1702617924
19,barah,13.7,30.3667,61.79,33,4,8.9,SD,1702617924
20,mirandela,41.4874,-7.187,42.3,84,4,2.17,PT,1702617925
21,olonkinbyen,70.9221,-8.7187,30.38,76,98,19.17,SJ,1702617925
22,ancud,-41.8697,-73.8203,54.82,78,100,22.64,CL,1702617925
23,qaqortoq,60.7167,-46.0333,-3.35,73,2,6.98,GL,1702617925
24,aasiaat,68.7098,-52.8699,-7.49,98,83,10.07,GL,1702617926
25,port-aux-francais,-49.35,70.2167,43.0,89,86,26.02,TF,1702617926
26,belmonte,-15.8631,-38.8828,75.4,85,4,4.59,BR,1702617926
27,whitehorse,60.7161,-135.0538,32.77,93,100,10.36,CA,1702617798
28,dellys,36.9172,3.9131,56.16,65,8,7.49,DZ,1702617927
29,touros,-5.1989,-35.4608,77.76,82,53,11.23,BR,1702617927
30,zemio,5.0314,25.1361,64.85,41,34,3.06,CF,1702617927
31,hamilton,39.1834,-84.5333,39.99,58,0,3.0,US,1702617877
32,port mathurin,-19.6833,63.4167,79.29,76,11,15.75,MU,1702617928
33,nar'yan-mar,67.6713,53.087,-6.34,97,70,8.1,RU,1702617928
34,kamyzyak,46.11,48.0736,15.78,73,63,6.71,RU,1702617929
35,road town,18.4167,-64.6167,78.89,74,100,17.31,VG,1702617886
36,port alfred,-33.5906,26.891,66.18,85,84,4.0,ZA,1702617929
37,salamanca,40.8333,-6.0,38.62,82,0,8.86,ES,1702617929
38,college,64.8569,-147.8028,-19.55,73,40,0.0,US,1702617929
39,bryne,58.7354,5.6477,43.99,94,75,10.36,NO,1702617930
40,waitangi,-43.9535,-176.5597,56.82,78,97,4.0,NZ,1702617930
41,tolanaro,-25.0319,46.9987,86.07,66,20,13.8,MG,1702617930
42,fada,9.5667,8.3,64.69,37,79,5.17,NG,1702617931
43,kapuskasing,49.4169,-82.4331,39.29,81,0,17.27,CA,1702617931
44,eraan,9.0629,117.7016,88.66,57,75,5.01,PH,1702617931
45,neftcala,39.3742,49.2472,49.26,76,99,2.17,AZ,1702617931
46,dogbo,6.8167,1.7833,71.64,65,3,3.09,BJ,1702617931
47,carnarvon,-24.8667,113.6333,88.21,44,0,21.68,AU,1702617931
48,ghat,24.9647,10.1728,55.18,22,44,7.9,LY,1702617932
49,velikiye luki,56.34,30.5452,19.56,96,100,6.62,RU,1702617932
50,magadan,59.5667,150.8,4.87,70,65,8.95,RU,1702617933
51,edinburgh of the seven seas,-37.0676,-12.3116,60.3,89,49,22.35,SH,1702617923
52,remire-montjoly,4.9167,-52.2667,75.24,100,0,0.0,GF,1702617933
53,westport,41.1415,-73.3579,39.81,66,0,6.91,US,1702617933
54,hawaiian paradise park,19.5933,-154.9731,71.87,75,100,13.8,US,1702617762
55,eastham,41.8301,-69.9739,37.38,63,0,4.61,US,1702617934
56,gisborne,-38.6533,178.0042,71.13,62,36,1.86,NZ,1702617934
57,lata,40.1629,-8.3327,41.92,78,24,4.18,PT,1702617935
58,wailua homesteads,22.0669,-159.378,70.59,67,100,25.32,US,1702617935
59,uvinza,-5.1036,30.3911,69.08,94,98,2.15,TZ,1702617935
60,stanley,54.868,-1.6985,41.29,88,20,9.22,GB,1702617811
61,haiku-pauwela,20.9219,-156.3051,72.05,68,75,24.16,US,1702617936
62,saipan,15.1355,145.701,86.7,70,20,17.27,MP,1702617936
63,bamboo flat,11.7,92.7167,87.89,70,40,11.5,IN,1702617936
64,al kharijah,25.4514,30.5464,57.52,65,0,6.33,EG,1702617936
65,hithadhoo,-0.6,73.0833,82.96,72,18,5.03,MV,1702617936
66,iqaluit,63.7506,-68.5145,8.33,71,100,13.8,CA,1702617937
67,flying fish cove,-10.4217,105.6791,83.88,61,40,9.22,CX,1702617937
68,rundu,-17.9333,19.7667,69.93,84,100,3.24,NA,1702617937
69,bredasdorp,-34.5322,20.0403,63.36,62,52,5.01,ZA,1702617937
70,ilulissat,69.2167,-51.1,10.42,56,75,14.97,GL,1702617938
71,howard springs,-12.497,131.047,90.99,80,100,10.51,AU,1702617938
72,sinabang,2.4803,96.3801,81.66,78,95,1.21,ID,1702617938
73,okhotsk,59.3833,143.3,-0.33,87,100,19.8,RU,1702617939
74,isafjordur,66.0755,-23.124,32.81,71,75,39.97,IS,1702617939
75,blackmans bay,-43.0167,147.3167,63.52,51,100,8.99,AU,1702617939
76,nikolayevsk-on-amure,53.1406,140.73,-7.01,69,6,18.68,RU,1702617939
77,georgetown,5.4112,100.3354,87.73,77,20,7.0,MY,1702617869
78,constantia,44.1833,28.65,39.88,88,100,18.52,RO,1702617940
79,invercargill,-46.4,168.35,62.13,73,69,19.22,NZ,1702617903
80,albany,42.6001,-73.9662,34.54,72,32,1.99,US,1702617940
81,kenai,60.5544,-151.2583,5.14,92,40,5.75,US,1702617940
82,kodiak,57.79,-152.4072,15.31,86,0,5.75,US,1702617941
83,colonia,50.9333,6.95,44.85,89,100,4.61,DE,1702617749
84,hadibu,12.65,54.0333,78.46,69,25,15.99,YE,1702617941
85,xiongzhou,25.1167,114.3,80.78,61,78,4.09,CN,1702617941
86,talnakh,69.4865,88.3972,-12.8,98,100,6.02,RU,1702617941
87,florence,43.7667,11.25,49.3,90,0,2.3,IT,1702617664
88,bilibino,68.0546,166.4372,-14.64,87,3,7.99,RU,1702617942
89,rocha,-34.4833,-54.3333,66.47,96,100,5.7,UY,1702617942
90,monte caseros,-30.2536,-57.6363,78.58,86,100,12.86,AR,1702617846
91,geraldton,-28.7667,114.6,93.61,22,99,19.57,AU,1702617942
92,usinsk,65.9939,57.5281,-5.44,100,87,7.25,RU,1702617942
93,at taraf,25.3628,49.725,57.74,52,0,12.12,SA,1702617943
94,castillos,-34.1667,-53.8333,67.55,92,100,5.7,UY,1702617943
95,pitimbu,-7.4706,-34.8086,75.79,80,73,9.89,BR,1702617943
96,badger,64.8,-147.5333,-19.64,74,40,0.0,US,1702617943
97,nova sintra,14.8667,-24.7167,71.71,78,100,8.59,CV,1702617943
98,sisimiut,66.9395,-53.6735,7.02,79,100,16.55,GL,1702617944
99,minas de marcona,-15.2119,-75.1103,61.25,85,49,7.67,PE,1702617944
100,newport,51.5877,-2.9984,45.14,88,76,4.7,GB,1702617753
101,west island,-12.1568,96.8225,84.18,65,84,9.22,CC,1702617944
102,tiksi,71.6872,128.8694,3.15,97,100,8.93,RU,1702617945
103,lebu,-37.6167,-73.65,50.34,89,10,3.74,CL,1702617945
104,laojunmiao,39.8333,97.7333,6.26,48,3,4.65,CN,1702617945
105,nuuk,64.1835,-51.7216,14.61,62,99,13.8,GL,1702617945
106,thabazimbi,-24.5917,27.4116,75.06,58,100,2.37,ZA,1702617945
107,argo,37.6333,22.7333,56.5,85,42,3.29,GR,1702617946
108,afaahiti,-17.75,-149.2833,80.47,82,100,20.98,PF,1702617946
109,rongelap,11.1635,166.8941,81.25,81,61,19.17,MH,1702617946
110,east london,-33.0153,27.9116,65.34,82,20,10.36,ZA,1702617860
111,callao,-12.0667,-77.15,70.72,78,100,10.36,PE,1702617947
112,thompson,55.7435,-97.8558,32.16,55,0,19.57,CA,1702617947
113,genhe,50.7833,121.5167,-10.28,72,88,2.62,CN,1702617948
114,lihue,21.9789,-159.3672,71.19,58,100,25.32,US,1702617948
115,eirunepe,-6.6603,-69.8736,74.19,100,100,1.83,BR,1702617948
116,karratha,-20.7377,116.8463,89.42,45,6,15.59,AU,1702617948
117,forster,-32.1667,152.5167,74.37,80,22,6.06,AU,1702617949
118,labuan bajo,-8.4964,119.8877,87.22,63,50,10.89,ID,1702617949
119,pisco,-13.7,-76.2167,66.25,88,0,4.61,PE,1702617949
120,tura,25.5198,90.2201,70.92,51,7,2.06,IN,1702617949
121,klaksvik,62.2266,-6.589,45.52,76,98,29.42,FO,1702617949
122,vuktyl,63.8567,57.3094,6.53,95,100,6.26,RU,1702617950
123,ikalamavony,-21.15,46.5833,78.6,53,73,3.78,MG,1702617950
124,tabalah,19.95,42.4,52.84,34,0,5.57,SA,1702617950
125,xinyuan,37.3,99.0,1.31,27,0,17.87,CN,1702617950
126,codrington,-38.2667,141.9667,64.54,49,91,18.54,AU,1702617951
127,rouissat,31.9243,5.3502,48.27,57,0,5.75,DZ,1702617951
128,sechura,-5.5569,-80.8222,72.14,78,90,11.45,PE,1702617951
129,lianhe,47.1333,129.2667,2.93,57,100,5.08,CN,1702617951
130,portage la prairie,49.9728,-98.2926,27.1,58,56,6.13,CA,1702617701
131,yellowknife,62.456,-114.3525,-3.48,84,40,5.75,CA,1702617951
132,susuman,62.7833,148.1667,-8.01,97,100,7.0,RU,1702617952
133,kolobrzeg,54.1757,15.5834,36.97,84,96,17.49,PL,1702617952
134,ribeira grande,38.5167,-28.7,64.78,92,93,25.01,PT,1702617952
135,kuala belait,4.5833,114.1833,89.76,73,23,7.14,BN,1702617952
136,vilyuchinsk,52.9306,158.4028,25.07,73,99,22.37,RU,1702617952
137,talent,42.2457,-122.7887,46.98,82,0,0.0,US,1702617952
138,anadyr,64.75,177.4833,10.9,84,40,33.55,RU,1702617953
139,kiruna,67.8557,20.2251,-10.28,84,0,0.0,SE,1702617953
140,atafu village,-8.5421,-172.5159,83.16,78,97,15.08,TK,1702617953
141,cabo san lucas,22.8909,-109.9124,74.75,65,0,3.65,MX,1702617953
142,thinadhoo,0.5333,72.9333,82.87,72,50,4.74,MV,1702617953
143,opuwo,-18.0607,13.84,69.85,31,100,4.16,NA,1702617685
144,guerrero negro,27.9769,-114.0611,63.27,43,0,4.81,MX,1702617954
145,marsh harbour,26.5412,-77.0636,72.34,73,100,32.93,BS,1702617954
146,longyearbyen,78.2186,15.6401,30.04,80,40,3.44,SJ,1702617954
147,jamestown,42.097,-79.2353,42.39,66,0,12.66,US,1702617954
148,martinsburg,39.4562,-77.9639,37.56,61,0,3.44,US,1702617623
149,crane,31.3974,-102.3501,55.26,94,99,17.11,US,1702617954
150,margate,51.3813,1.3862,45.3,91,28,3.0,GB,1702617767
151,inongo,-1.95,18.2667,71.69,90,94,1.77,CD,1702617955
152,heilbron,-27.2812,27.9709,69.04,57,100,6.55,ZA,1702617955
153,kailua-kona,19.6406,-155.9956,75.51,76,0,26.46,US,1702617955
154,kone,-21.0595,164.8658,81.21,57,30,5.99,NC,1702617955
155,mount pearl,47.5166,-52.7813,23.14,72,100,19.57,CA,1702617955
156,st. john's,47.5649,-52.7093,23.97,71,100,19.57,CA,1702617692
157,dudinka,69.4058,86.1778,-11.33,94,79,18.01,RU,1702617956
158,kamphaeng phet,16.25,99.5,87.6,53,18,2.93,TH,1702617956
159,shangmei,27.7428,111.2956,39.38,86,100,10.63,CN,1702617956
160,vorgashor,67.5833,63.95,-9.2,100,94,4.34,RU,1702617956
161,chemolgan,43.1897,76.5292,4.66,75,84,2.59,KZ,1702617956
162,katghora,22.5,82.55,72.9,30,5,3.53,IN,1702617956
163,guajara mirim,-10.7828,-65.3394,75.76,92,89,1.88,BR,1702617957
164,arraial do cabo,-22.9661,-42.0278,74.28,91,23,23.4,BR,1702617939
165,chaville,48.8056,2.1886,46.47,96,100,6.91,FR,1702617957
166,harrisburg,40.2737,-76.8844,37.08,70,0,0.0,US,1702617957
167,visby,57.6409,18.296,28.81,74,100,8.05,SE,1702617957
168,samarinda,-0.5,117.15,91.09,58,80,1.48,ID,1702617957
169,daru,-9.0763,143.2092,87.15,68,99,3.69,PG,1702617957
170,el bayadh,33.6832,1.0193,31.75,92,0,7.99,DZ,1702617957
171,siwa oasis,29.2041,25.5195,55.85,64,28,7.05,EG,1702617958
172,acarau,-2.8856,-40.12,79.88,76,34,16.89,BR,1702617958
173,uturoa,-16.7333,-151.4333,81.64,83,82,19.55,PF,1702617958
174,tommot,58.9564,126.2925,-14.13,92,100,11.3,RU,1702617958
175,ust-nera,64.5667,143.2,-10.34,96,100,7.09,RU,1702617958
176,new norfolk,-42.7826,147.0587,64.71,34,100,4.25,AU,1702617959
177,mo i rana,66.3128,14.1428,13.32,85,100,3.0,NO,1702617755
178,rawson,-43.3002,-65.1023,67.78,38,2,9.06,AR,1702617959
179,laghouat,33.8,2.8651,40.03,81,0,12.37,DZ,1702617959
180,sai buri,6.7013,101.6168,83.97,84,97,11.88,TH,1702617959
181,cadiz,36.5,-5.75,47.12,59,0,4.45,ES,1702617959
182,malaryta,51.7905,24.074,31.75,91,95,8.97,BY,1702617959
183,avarua,-21.2078,-159.775,78.85,78,40,8.05,CK,1702617959
184,akureyri,65.6835,-18.0878,35.53,64,100,18.41,IS,1702617960
185,sassandra,4.95,-6.0833,77.77,80,0,4.03,CI,1702617960
186,kolonia town,6.964,158.206,84.2,79,100,6.91,FM,1702617960
187,greenfield,42.9614,-88.0126,39.36,77,0,8.05,US,1702617960
188,ambon,-3.6954,128.1814,91.67,66,40,10.36,ID,1702617960
189,enewetak,11.3474,162.3373,81.88,81,91,20.42,MH,1702617960
190,lazaro cardenas,17.9583,-102.2,79.0,63,99,4.09,MX,1702617961
191,fortuna,40.5982,-124.1573,45.52,100,0,0.0,US,1702617961
192,cartagena,10.3997,-75.5144,78.42,89,0,4.61,CO,1702617961
193,troitsko-pechorsk,62.7084,56.1964,6.53,97,100,4.94,RU,1702617961
194,prince rupert,54.3161,-130.3201,46.09,64,75,39.12,CA,1702617911
195,queenstown,-31.8976,26.8753,56.34,78,100,6.11,ZA,1702617702
196,ojinaga,29.5667,-104.4167,61.75,67,0,11.5,MX,1702617962
197,kuala terengganu,5.3302,103.1408,85.95,84,20,8.05,MY,1702617962
198,hami,42.8,93.45,13.19,36,0,4.65,CN,1702617963
199,taoudenni,22.6783,-3.9836,62.94,22,0,10.69,ML,1702617679
200,hammerfest,70.6634,23.6821,21.65,58,0,12.66,NO,1702617963
201,selfoss,63.9331,-20.9971,37.04,67,73,28.99,IS,1702617963
202,santana,-0.0583,-51.1817,82.58,78,0,5.75,BR,1702617964
203,mekhe,15.1097,-16.6218,68.09,20,42,10.36,SN,1702617964
204,pingdingshan,33.7385,113.3012,31.1,64,99,27.76,CN,1702617731
205,porto novo,6.4965,2.6036,75.02,67,9,3.8,BJ,1702617965
206,lewiston orchards,46.3804,-116.9754,43.27,77,100,6.91,US,1702617965
207,bar-le-duc,48.75,5.1667,41.38,91,97,5.91,FR,1702617965
208,tingo maria,-9.2895,-76.0088,71.13,99,89,1.43,PE,1702617965
209,yatou,37.15,122.3833,30.24,79,100,23.76,CN,1702617965
210,hasaki,35.7333,140.8333,57.29,87,100,18.63,JP,1702617966
211,puerto deseado,-47.7503,-65.8938,61.99,36,59,25.32,AR,1702617966
212,ta`u,-14.2336,-169.5144,78.76,86,99,11.72,AS,1702617966
213,la'ie,21.6477,-157.9253,71.62,58,8,25.95,US,1702617967
214,salacgriva,57.7536,24.3581,28.56,90,100,6.11,LV,1702617967
215,tazovsky,67.4667,78.7,-16.92,100,97,3.69,RU,1702617967
216,tual,-5.6667,132.75,83.64,75,67,19.86,ID,1702617968
217,saint-philippe,-21.3585,55.7679,84.11,80,25,11.5,RE,1702617968
218,abu jibeha,11.4562,31.2285,66.67,29,49,6.02,SD,1702617968
219,chonchi,-42.6128,-73.8092,52.81,96,100,10.11,CL,1702617969
220,palmer,42.1584,-72.3287,33.08,62,0,4.61,US,1702617970
221,zunyi,27.6867,106.9072,56.16,81,100,5.73,CN,1702617970
222,yeed,4.55,43.0333,79.99,60,60,14.88,SO,1702617970
223,kununurra,-15.7667,128.7333,102.18,35,100,6.91,AU,1702617971
224,la passe,45.5549,-0.8967,50.23,94,23,5.39,FR,1702617971
225,benghazi,32.1167,20.0667,63.39,58,83,19.66,LY,1702617972
226,upper grand lagoon,30.1633,-85.7408,55.42,52,100,11.5,US,1702617972
227,khandyga,62.6667,135.6,-34.58,99,100,2.42,RU,1702617972
228,konarka,19.9,86.1167,75.6,40,5,9.53,IN,1702617972
229,hovd,48.0056,91.6419,-2.16,68,5,2.77,MN,1702617972
230,nabire,-3.3667,135.4833,87.84,66,75,5.21,ID,1702617972
231,mendi,-6.1761,143.6513,62.73,94,100,2.44,PG,1702617973
232,sola,-13.8833,167.55,78.87,64,88,14.38,VU,1702617973
233,keflavik,64.0049,-22.5624,39.63,65,75,36.82,IS,1702617973
234,beloyarskiy,63.7119,66.6722,0.52,99,99,2.37,RU,1702617973
235,mwinilunga,-11.7358,24.4293,63.99,97,99,1.23,ZM,1702617974
236,ontario,34.0633,-117.6509,64.78,34,75,5.75,US,1702617974
237,griffith,41.5284,-87.4237,40.89,75,0,5.75,US,1702617882
238,paragominas,-2.9667,-47.4833,74.41,88,100,2.95,BR,1702617974
239,vadso,70.0744,29.7487,21.36,79,75,13.8,NO,1702617975
240,gorontalo,0.5412,123.0595,86.9,69,82,3.69,ID,1702617961
241,trincomalee,8.5711,81.2335,81.03,83,100,11.52,LK,1702617975
242,harnosand,62.6323,17.9379,10.4,94,100,2.06,SE,1702617975
243,lompoc,34.6391,-120.4579,61.79,89,100,8.01,US,1702617966
244,dhidhdhoo,6.8833,73.1,81.95,72,88,2.59,MV,1702617683
245,tanabe,33.7333,135.3667,70.81,83,40,5.75,JP,1702617976
246,teknaf,20.8624,92.3058,75.29,52,2,7.9,BD,1702617976
247,kuta,-8.7233,115.1723,86.0,79,40,10.36,ID,1702617976
248,jayapura,-2.5333,140.7,87.19,84,59,4.32,ID,1702617976
249,bousso,10.4795,16.7117,67.66,30,6,5.88,TD,1702617975
250,valle de la pascua,9.2155,-66.0073,76.55,77,97,7.67,VE,1702617977
251,ciudad lazaro cardenas,17.9583,-102.2,79.0,63,99,4.09,MX,1702617977
252,mount isa,-20.7333,139.5,101.97,27,40,16.11,AU,1702617977
253,tofol,5.3248,163.0078,82.18,83,100,5.75,FM,1702617977
254,panama city beach,30.1766,-85.8055,55.42,52,0,11.5,US,1702617978
255,alo,7.4178,6.7371,73.89,33,9,1.68,NG,1702617978
256,vylkove,45.4021,29.586,41.52,74,100,13.76,UA,1702617978
257,nadym,65.5333,72.5167,-15.54,100,80,7.11,RU,1702617979
258,fort mcmurray,56.7268,-111.381,27.91,63,40,8.05,CA,1702617979
259,perevolotskiy,51.8763,54.1938,11.25,65,84,14.94,RU,1702617979
260,moussoro,13.6408,16.4901,63.39,22,40,10.85,TD,1702617979
261,trinidad,-14.8333,-64.9,77.97,85,100,2.33,BO,1702617980
262,ishikawa,26.4233,127.8214,81.34,62,40,10.36,JP,1702617980
263,cartagena del chaira,1.3349,-74.8429,74.32,95,97,0.56,CO,1702617980
264,palangkaraya,-2.2,113.8333,79.74,88,98,0.6,ID,1702617981
265,brewton,31.1052,-87.0722,55.35,55,84,9.91,US,1702617981
266,ryotsu-minato,38.0833,138.4333,47.26,93,100,6.31,JP,1702617981
267,vodnyy,63.5046,53.4095,5.41,98,99,4.12,RU,1702617982
268,benjamin aceval,-24.9667,-57.5667,86.14,80,89,6.17,PY,1702617982
269,puerto baquerizo moreno,-0.9,-89.6,74.93,90,25,10.78,EC,1702617982
270,egilsstadir,65.2653,-14.3948,31.91,64,0,12.66,IS,1702617982
271,faya-largeau,17.9257,19.1043,58.95,31,0,12.62,TD,1702617982
272,goba,7.0167,39.9833,55.17,69,65,3.13,ET,1702617982
273,asau,46.4333,26.4,33.28,94,100,1.92,RO,1702617983
274,saint john,45.2727,-66.0677,32.0,58,20,12.66,CA,1702617723
275,puyang chengguanzhen,35.7028,115.0053,24.96,92,100,10.29,CN,1702617983
276,chifeng,42.2683,118.9636,8.78,73,100,8.61,CN,1702617983
277,noshiro,40.2039,140.0242,32.83,92,100,7.94,JP,1702617983
278,strathmore,51.0501,-113.3852,33.21,93,100,11.5,CA,1702617984
279,luderitz,-26.6481,15.1594,60.19,71,0,20.87,NA,1702617985
280,papatowai,-46.5619,169.4708,60.89,77,82,13.0,NZ,1702617985
281,talara,-4.5772,-81.2719,70.27,87,93,13.33,PE,1702617985
282,nakasongola,1.3089,32.4564,68.81,79,95,0.34,UG,1702617986
283,bhimbar,32.9757,74.0793,64.4,22,100,2.42,PK,1702617986
284,rovaniemi,66.5,25.7167,17.01,92,75,3.44,FI,1702617986
285,havre,49.5833,0.3333,48.6,87,100,9.22,FR,1702617987
286,ponoka,52.6768,-113.5815,32.88,99,100,3.42,CA,1702617987
287,at taj,24.2049,23.2857,53.76,39,0,7.09,LY,1702617987
288,khalkhal,37.6189,48.5258,29.88,94,69,3.67,IR,1702617988
289,walvis bay,-22.9575,14.5053,60.1,88,0,9.22,NA,1702617988
290,isla del bosque,22.7333,-105.85,73.04,63,49,5.23,MX,1702617988
291,bubaque,11.2833,-15.8333,81.39,57,58,8.21,GW,1702617988
292,north platte,41.1239,-100.7654,38.25,94,100,18.41,US,1702617989
293,labytnangi,66.6572,66.4183,-4.81,96,99,3.62,RU,1702617989
294,iskateley,67.6803,53.1512,-6.54,97,70,8.14,RU,1702617989
295,keren,15.7778,38.4581,62.91,76,11,7.14,ER,1702617990
296,san antonio de pale,-1.4014,5.6325,80.62,82,18,5.59,GQ,1702617990
297,birmitrapur,22.4,84.7667,71.49,33,3,3.38,IN,1702617990
298,chadron,42.8294,-102.9999,33.55,87,0,6.91,US,1702617991
299,port shepstone,-30.7414,30.455,67.87,75,100,12.06,ZA,1702617991
300,chipinge,-20.1883,32.6236,69.62,83,95,1.97,ZW,1702617991
301,greymouth,-42.4667,171.2,57.63,96,100,11.21,NZ,1702617991
302,saint-francois,46.4154,3.9054,38.64,94,100,1.14,FR,1702617991
303,nurota,40.5614,65.6886,39.92,44,100,5.37,UZ,1702617991
304,ouani,-12.1322,44.4258,83.08,71,68,0.58,KM,1702617992
305,shimokizukuri,40.8061,140.3861,35.94,87,100,5.41,JP,1702617992
306,matli,25.0431,68.6557,74.7,27,0,2.68,PK,1702617992
307,nova vicosa,-17.8919,-39.3719,75.67,86,6,8.75,BR,1702617992
308,punta arenas,-53.15,-70.9167,41.11,87,0,3.44,CL,1702617993
309,itoman,26.1247,127.6694,81.37,68,20,11.5,JP,1702617993
310,kingston,17.997,-76.7936,77.95,94,75,11.5,JM,1702617773
311,fortaleza,-3.7227,-38.5247,84.07,68,75,16.11,BR,1702617768
312,san patricio,28.017,-97.5169,66.04,92,73,12.3,US,1702617993
313,kourou,5.1552,-52.6478,75.25,88,37,7.16,GF,1702617993
314,imbituba,-28.24,-48.6703,72.5,95,90,12.15,BR,1702617994
315,gaspe,48.8334,-64.4819,24.71,63,100,12.66,CA,1702617994
316,yaren,-0.5472,166.916,84.38,77,100,13.02,NR,1702617994
317,uray,60.1247,64.7758,7.88,91,99,7.0,RU,1702617994
318,port augusta,-32.5,137.7667,82.38,25,0,11.95,AU,1702617980
319,hinton,53.4001,-117.5857,27.43,98,99,1.79,CA,1702617995
320,extrema,-22.8547,-46.3183,65.35,77,12,3.51,BR,1702617995
321,malpe,13.35,74.7167,83.5,53,35,3.11,IN,1702617995
322,muynoq,43.7683,59.0214,30.13,63,100,7.14,UZ,1702617996
323,ha'il,27.5219,41.6907,42.82,75,0,2.3,SA,1702617996
324,morant bay,17.8815,-76.4093,78.42,82,39,16.22,JM,1702617996
325,hermanus,-34.4187,19.2345,61.48,69,1,8.12,ZA,1702617996
326,alofi,-19.0595,-169.9187,82.29,74,75,6.91,NU,1702617996
327,severo-yeniseyskiy,60.3725,93.0408,-13.22,95,100,3.47,RU,1702617997
328,port charlotte,26.9762,-82.0906,69.84,85,100,14.97,US,1702617997
329,mont-dore,-22.2833,166.5833,85.98,69,84,10.51,NC,1702617997
330,huarmey,-10.0681,-78.1522,68.95,87,44,5.61,PE,1702617997
331,gobabis,-22.45,18.9667,68.86,18,87,8.95,NA,1702617998
332,diego martin,10.7005,-61.5342,75.15,90,85,8.12,TT,1702617998
333,bandundu,-3.3167,17.3667,72.79,95,100,1.01,CD,1702617998
334,kruisfontein,-34.0033,24.7314,60.89,78,25,3.69,ZA,1702617999
335,banda aceh,5.5577,95.3222,77.14,92,100,3.87,ID,1702617999
336,salekhard,66.53,66.6019,-4.95,96,99,4.5,RU,1702617999
337,sigli,5.3848,95.9609,77.54,92,99,4.68,ID,1702617999
338,choibalsan,48.0667,114.5,-5.03,76,100,6.46,MN,1702617999
339,kavaratti,10.5669,72.642,83.25,71,100,7.25,IN,1702617999
340,madang,-5.2246,145.7966,80.94,75,100,2.44,PG,1702618000
341,camabatela,-8.1881,15.375,63.27,99,100,2.42,AO,1702618000
342,namibe,-15.1961,12.1522,69.64,80,97,4.74,AO,1702618000
343,weno,7.4515,151.8468,83.19,81,89,19.53,FM,1702618000
344,olmsted falls,41.3751,-81.9082,42.15,65,0,8.05,US,1702618000
345,bogandinskiy,56.8937,65.8938,0.93,77,100,8.21,RU,1702618000
346,sona,45.4388,10.8255,41.32,100,100,2.3,IT,1702618001
347,karad,17.2833,74.2,75.67,45,2,8.95,IN,1702618001
348,mejit,10.2753,170.8646,81.36,76,77,19.62,MH,1702618001
349,bayeux,-7.125,-34.9322,75.83,100,100,6.91,BR,1702618001
350,ceeldheer,3.8488,47.1806,81.18,70,6,14.85,SO,1702618001
351,cururupu,-1.8283,-44.8683,76.71,84,80,3.04,BR,1702618001
352,melito di porto salvo,37.9222,15.7714,55.56,81,75,6.91,IT,1702618002
353,balkanabat,39.5108,54.3671,36.5,53,99,4.36,TM,1702618002
354,colares,38.7992,-9.4469,52.32,74,11,18.01,PT,1702618002
355,mbaiki,3.8678,17.9892,68.02,61,100,2.73,CF,1702618002
356,aldinga beach,-35.2793,138.4604,74.19,52,3,11.81,AU,1702617957
357,borskoye,53.0333,51.7167,14.02,76,35,11.56,RU,1702618002
358,alesund,62.4723,6.1549,46.76,80,75,20.71,NO,1702618003
359,palencia,42.4167,-4.5,33.8,86,47,3.89,ES,1702618003
360,polyarnyy,69.1989,33.4478,8.89,96,64,12.37,RU,1702618003
361,alnwick,55.4132,-1.7056,44.08,81,20,8.05,GB,1702617868
362,nguigmi,14.2495,13.1092,62.4,30,1,12.35,NE,1702618003
363,mugia,43.1041,-9.2179,50.92,84,33,9.71,ES,1702618004
364,happy valley-goose bay,53.3168,-60.3315,12.51,73,100,17.27,CA,1702618004
365,gadzhiyevo,69.2551,33.3362,7.11,98,75,12.41,RU,1702618005
366,pacocha,-17.5833,-71.3333,68.05,90,96,3.69,PE,1702618005
367,aur,8.1499,171.1687,81.91,83,83,19.86,MH,1702618005
368,uglich,57.5275,38.3317,18.73,94,100,10.51,RU,1702618005
369,nogliki,51.8333,143.1667,-3.66,76,5,13.0,RU,1702618005
370,cabedelo,-6.9811,-34.8339,75.87,82,65,10.78,BR,1702617810
371,piton saint-leu,-21.2196,55.3151,82.47,65,0,4.61,RE,1702618006
372,necochea,-38.5473,-58.7368,58.84,90,99,15.97,AR,1702618006
373,tynda,55.1667,124.7167,-16.19,85,22,4.85,RU,1702618007
374,raichur,16.2,77.3667,76.42,50,28,7.43,IN,1702618007
375,nemuro,43.3236,145.575,28.96,60,100,9.8,JP,1702618007
376,karema,-6.8205,30.4389,72.0,87,95,5.48,TZ,1702618007
377,tabou,4.423,-7.3528,79.66,80,0,7.74,CI,1702618007
378,kimbe,-5.5502,150.1429,86.11,74,88,4.52,PG,1702618008
379,ad dabbah,18.05,30.95,61.72,44,45,7.63,SD,1702618008
380,tsiombe,-25.3,45.4833,88.79,51,2,5.95,MG,1702618008
381,kas,36.2018,29.6377,60.26,84,100,8.19,TR,1702618008
382,isla mujeres,21.2311,-86.731,78.85,81,27,19.93,MX,1702618008
383,fale old settlement,-9.3852,-171.2468,82.08,78,100,12.37,TK,1702618008
384,cascais,38.6979,-9.4215,52.5,74,10,18.01,PT,1702618009
385,saacow,1.6279,42.4407,81.82,72,46,12.86,SO,1702617924
386,puerto armuelles,8.2833,-82.8667,81.09,72,38,1.01,PA,1702618009
387,santa cruz,-17.8,-63.1667,78.26,89,40,4.61,BO,1702618009
388,panjab,34.388,67.0233,30.49,44,71,5.97,AF,1702618010
389,orsa,54.5153,30.4053,19.47,95,96,10.69,BY,1702618010
390,praia da vitoria,38.7333,-27.0667,64.76,82,75,19.44,PT,1702618010
391,cockburn town,21.4612,-71.1419,76.93,77,28,27.58,TC,1702618010
392,coahuayana de hidalgo,18.7,-103.6583,77.05,69,100,3.71,MX,1702618011
393,kuching,1.55,110.3333,91.62,70,40,3.44,MY,1702617835
394,nyurba,63.2842,118.3319,-16.71,96,100,7.23,RU,1702618011
395,istra,55.9178,36.8642,16.03,95,100,8.86,RU,1702618011
396,vernon,50.2581,-119.2691,34.75,91,48,3.44,CA,1702618012
397,mersa matruh,31.3525,27.2453,60.24,70,17,11.25,EG,1702618012
398,nouadhibou,20.931,-17.0347,69.78,40,58,14.97,MR,1702618012
399,ovalle,-30.5983,-71.2003,66.74,51,0,1.74,CL,1702618012
400,saldanha,-33.0117,17.9442,60.85,75,0,14.45,ZA,1702618013
401,gaziantep,37.0594,37.3825,37.33,93,20,1.14,TR,1702617713
402,fort st. john,56.2499,-120.8529,28.29,64,75,10.36,CA,1702617892
403,camayenne,9.535,-13.6878,78.89,94,4,4.61,GN,1702618013
404,el porvenir,13.7617,-87.3458,72.73,81,10,6.55,HN,1702618013
405,coquimbo,-29.9533,-71.3436,58.73,88,0,4.61,CL,1702618013
406,roswell,34.0232,-84.3616,43.97,61,0,4.61,US,1702617876
407,suomussalmi,64.8869,28.9078,7.61,98,95,3.04,FI,1702618014
408,limassol,34.675,33.0333,55.47,82,40,3.44,CY,1702618014
409,ilek,51.5271,53.3831,15.04,48,62,13.04,RU,1702618014
410,thulamahashi,-24.7246,31.1994,76.12,65,84,5.68,ZA,1702618014
411,palikir - national government center,6.9248,158.1611,83.14,79,100,6.91,FM,1702618014
412,kapa'a,22.0752,-159.319,71.92,68,100,25.32,US,1702617762
413,barrouallie,13.2333,-61.2667,77.11,81,91,10.02,VC,1702618015
414,puerto san jose,13.9256,-90.8244,78.3,80,6,5.77,GT,1702618015
415,mili,6.0815,171.735,81.81,81,100,19.64,MH,1702618015
416,port blair,11.6667,92.75,87.84,70,40,11.5,IN,1702618015
417,vila velha,-20.3297,-40.2925,75.15,88,75,2.3,BR,1702618015
418,guane,22.2025,-84.0875,73.2,77,77,14.5,CU,1702618015
419,sidney,-33.8679,151.2073,83.89,65,20,19.57,AU,1702617865
420,hobyo,5.3505,48.5268,80.87,74,33,18.34,SO,1702618016
421,port-vila,-17.7338,168.3219,82.0,57,40,13.8,VU,1702618016
422,ad-damazin,11.7891,34.3592,73.0,36,14,5.03,SD,1702618016
423,nieuw amsterdam,5.8833,-55.0833,79.02,89,41,8.46,SR,1702618016
424,alice springs,-23.7,133.8833,98.15,14,32,17.27,AU,1702618016
425,tindouf,27.6711,-8.1474,55.63,35,0,10.45,DZ,1702618016
426,kirakira,-10.4544,161.9205,81.54,79,73,7.63,SB,1702618017
427,ji'an,27.1172,114.9793,54.57,83,100,14.07,CN,1702618017
428,khilok,51.3674,110.4676,-8.55,79,93,7.92,RU,1702618017
429,an nuhud,12.7,28.4333,57.85,30,9,11.3,SD,1702618017
430,broome,42.2506,-75.833,34.68,76,0,9.22,US,1702618017
431,el granada,37.5027,-122.4694,55.35,75,20,5.75,US,1702618017
432,lubao,14.9167,120.55,91.11,53,35,13.4,PH,1702618017
433,shimoda,34.6667,138.95,64.76,92,100,21.56,JP,1702618018
434,dolores,-36.3132,-57.6792,67.86,98,81,7.7,AR,1702618018
435,mount gambier,-37.8333,140.7667,64.83,44,44,12.77,AU,1702618018
436,ballina,-28.8667,153.5667,73.04,89,67,7.83,AU,1702618018
437,ghormach,35.7306,63.7826,38.73,55,100,9.19,AF,1702618018
438,plettenberg bay,-34.0527,23.3716,62.73,75,43,2.15,ZA,1702618018
439,qa'en,33.7265,59.1844,42.71,76,90,3.65,IR,1702618018
440,columbus,39.9612,-82.9988,36.57,64,0,3.44,US,1702617901
441,miri,4.4148,114.0089,89.74,70,40,5.75,MY,1702618018
442,zeya,53.75,127.2667,-3.51,64,2,8.16,RU,1702618019
443,xilin hot,43.9667,116.0333,-5.3,89,100,10.49,CN,1702618019
444,watertown,42.3709,-71.1828,34.05,61,0,12.66,US,1702618019
445,doberlug-kirchhain,51.6167,13.5667,40.24,89,100,6.46,DE,1702618019
446,ulladulla,-35.35,150.4667,90.77,63,17,15.32,AU,1702618019
447,santa ana,33.7456,-117.8678,67.91,35,0,4.61,US,1702617937
448,noosa heads,-26.3833,153.15,82.11,70,81,17.6,AU,1702618019
449,kamyaran,34.7956,46.9355,39.47,71,0,2.59,IR,1702618019
450,atbasar,51.8,68.3333,0.07,75,34,8.55,KZ,1702618019
451,'ali sabieh,11.1558,42.7125,68.77,77,50,14.36,DJ,1702618019
452,puerto gaitan,4.3133,-72.0816,79.03,67,97,6.6,CO,1702618020
453,thunder bay,48.4001,-89.3168,46.38,61,0,11.5,CA,1702617791
454,dali,25.7,100.1833,58.6,44,21,5.08,CN,1702618020
455,cabinda,-5.55,12.2,79.23,86,96,3.2,AO,1702618020
456,embi,48.8264,58.1442,14.31,43,99,17.43,KZ,1702618020
457,kayangel,8.0823,134.7173,83.53,77,100,19.91,PW,1702617861
458,pemalang,-6.9,109.3667,90.32,47,27,4.07,ID,1702618021
459,san francisco ixhuatan,16.3569,-94.4825,74.77,77,98,14.9,MX,1702618021
460,south venice,27.0531,-82.4243,68.04,78,100,11.99,US,1702618021
461,panaba,21.2833,-88.2667,70.5,90,35,6.55,MX,1702618021
462,mandalgovi,45.7625,106.2708,-8.46,79,100,17.09,MN,1702618022
463,pandan,14.0453,124.1694,81.41,84,100,13.65,PH,1702618022
464,revda,56.801,59.9303,5.07,84,100,2.42,RU,1702618023
465,tazacorte,28.629,-17.9293,65.37,79,100,9.22,ES,1702618023
466,itaberaba,-12.5275,-40.3069,68.07,98,11,2.13,BR,1702618023
467,mata-utu,-13.2816,-176.1745,81.34,80,100,16.8,WF,1702618023
468,minato,34.1833,135.2,70.75,78,20,18.57,JP,1702618024
469,coromandel,-18.4733,-47.2003,75.02,48,95,6.58,BR,1702618024
470,soto la marina,23.7667,-98.2167,65.64,96,100,2.3,MX,1702618024
471,saint-louis,16.3333,-15.0,68.52,19,82,10.76,SN,1702618024
472,gus'-khrustal'nyy,55.6111,40.6519,20.23,94,100,13.15,RU,1702618025
473,al qubbah,32.7616,22.2424,54.64,53,97,20.56,LY,1702618025
474,akrehamn,59.2667,5.1833,44.85,87,75,10.36,NO,1702618026
475,dawson creek,55.7666,-120.2362,19.04,73,0,2.3,CA,1702618026
476,carolina beach,34.0352,-77.8936,37.45,60,0,10.04,US,1702618026
477,boa vista,2.8197,-60.6733,84.42,53,92,3.76,BR,1702618027
478,harqalah,36.0303,10.509,53.46,93,30,14.97,TN,1702618027
479,al jawf,29.5,38.75,53.87,60,0,4.74,SA,1702618028
480,amos,48.5669,-78.1162,33.06,78,34,12.55,CA,1702617931
481,kralendijk,12.15,-68.2667,80.58,78,20,11.5,BQ,1702618028
482,formosa do rio preto,-11.0483,-45.1931,69.33,46,0,3.51,BR,1702618028
483,piti village,13.4626,144.6933,88.68,75,40,18.41,GU,1702618028
484,vikhorevka,56.1201,101.1636,-15.21,87,100,8.12,RU,1702618029
485,mulanje,-16.0316,35.5,80.47,66,66,2.59,MW,1702618029
486,adelia maria,-33.6315,-64.021,65.64,89,59,3.0,AR,1702618029
487,sinop,41.7711,34.8709,48.96,62,100,11.9,TR,1702618029
488,porsgrunn,59.1405,9.6561,31.15,93,99,3.6,NO,1702618029
489,labrador city,52.9463,-66.9114,15.71,79,100,14.97,CA,1702617695
490,kolonia,50.9333,6.95,44.85,89,100,4.61,DE,1702617950
491,patong,7.8961,98.2966,87.94,71,59,10.87,TH,1702618030
492,tame,6.461,-71.73,76.03,66,90,4.5,CO,1702618030
493,nishinoomote,30.7333,131.0,75.76,68,20,10.36,JP,1702618031
494,escanaba,45.7453,-87.0646,39.51,75,0,5.75,US,1702618031
495,flin flon,54.7682,-101.865,27.61,77,91,9.17,CA,1702617890
496,galesong,-5.3166,119.3661,89.62,67,65,9.84,ID,1702618031
497,springbok,-29.6643,17.8865,57.78,55,0,13.8,ZA,1702618032
498,cidreira,-30.1811,-50.2056,72.91,94,100,7.67,BR,1702618032
499,korsakov,46.6328,142.7813,17.44,59,100,6.4,RU,1702618033
500,quesnel,52.9999,-122.5029,30.7,100,100,2.3,CA,1702617911
501,axim,4.8699,-2.2405,77.16,79,3,4.47,GH,1702618033
502,holualoa,19.6228,-155.9522,71.78,78,0,26.46,US,1702618034
503,narvik,68.4384,17.4272,17.01,63,76,9.82,NO,1702618034
504,raja,8.4596,25.678,62.64,25,24,3.78,SS,1702617924
505,kavieng,-2.5744,150.7967,83.66,77,84,6.29,PG,1702618034
506,tianpeng,30.9866,103.9393,45.21,34,96,5.91,CN,1702618035
507,orcopampa,-15.2661,-72.3417,49.32,71,86,2.62,PE,1702618035
508,sungai besar,3.6746,100.9867,80.13,89,100,7.25,MY,1702618035
509,mutuali,-14.8706,37.0044,81.0,61,54,4.38,MZ,1702618035
510,antofagasta,-23.65,-70.4,65.48,79,49,2.04,CL,1702618036
511,qaisumah,28.3112,46.1273,49.96,53,0,5.75,SA,1702618036
512,pacific grove,36.6177,-121.9166,50.54,81,0,3.44,US,1702618036
513,vila franca do campo,37.7167,-25.4333,64.89,99,67,17.29,PT,1702618009
514,portland,45.5234,-122.6762,49.08,82,20,8.01,US,1702617306
515,oran,35.6911,-0.6417,38.91,93,20,3.44,DZ,1702618036
516,usogorsk,63.4106,48.6872,3.09,98,100,5.14,RU,1702618037
517,el triunfo,-1.9333,-79.9667,77.04,73,93,7.58,EC,1702618037
518,mhamid,29.82,-5.72,52.97,23,0,7.99,MA,1702618037
519,namsos,64.4662,11.4957,28.45,86,100,16.11,NO,1702618037
520,antsiranana,-12.2787,49.2917,84.76,62,66,14.83,MG,1702618027
521,pangody,65.85,74.4859,-16.1,100,96,6.35,RU,1702618038
522,kuloy,61.0305,42.4925,14.09,94,100,7.11,RU,1702618038
523,la sarre,48.8002,-79.1996,34.84,77,27,14.7,CA,1702618038
524,richard-toll,16.4625,-15.7008,68.81,20,87,10.67,SN,1702618038
525,illizi,26.4833,8.4667,48.0,48,0,5.95,DZ,1702618039
526,turpan,42.9333,89.1667,23.25,21,0,1.7,CN,1702618039
527,naze,28.3667,129.4833,74.32,68,17,13.47,JP,1702618039
528,novovarshavka,54.1721,74.6946,-12.24,84,28,5.37,RU,1702618039
529,atasu,48.6814,71.6433,12.97,56,6,13.2,KZ,1702618039
530,bich'vinta,43.1592,40.3378,46.58,53,100,9.01,GE,1702618039
531,bathsheba,13.2167,-59.5167,79.41,83,20,13.8,BB,1702618040
532,sungai penuh,-2.0833,101.3833,80.82,58,47,4.94,ID,1702618040
533,gao,16.6362,1.637,59.99,24,1,10.96,ML,1702618040
534,sitka,57.0531,-135.33,33.69,86,100,0.0,US,1702618040
535,yambio,4.5721,28.3955,67.05,42,29,2.8,SS,1702618040
536,lhokseumawe,5.1801,97.1507,76.41,95,100,1.52,ID,1702618041
537,oyama,36.3,139.8,56.59,63,96,2.48,JP,1702617843
538,acapulco de juarez,16.8634,-99.8901,78.62,78,75,0.0,MX,1702617908
539,hilo,19.7297,-155.09,72.09,81,100,13.8,US,1702617986
540,qamdo,31.1667,97.2333,35.02,18,57,17.52,CN,1702618042
541,douentza,14.9951,-2.9517,61.09,21,11,3.8,ML,1702618042
542,kosong,38.3788,128.4676,34.29,98,100,11.63,KR,1702618042
543,sungai raya,0.7,108.9,83.43,70,100,4.18,ID,1702618042
